key	umap1	umap2	cluster
0	0.7095249	5.5323696	2
1	0.85020167	5.4106126	2
2	1.745071	5.62852	2
3	0.72000074	5.5054274	2
4	1.4896783	5.328974	2
5	7.394156	6.902888	4
6	1.8351594	7.1480308	0
7	4.982143	5.559035	4
8	0.95007145	5.425926	2
9	2.9970639	4.609448	-1
10	3.0627925	4.583042	-1
11	1.5911449	5.2998	2
12	1.5124836	5.351756	2
13	0.80842304	6.10211	-1
14	4.963016	7.4574037	-1
15	1.4262657	5.2252665	2
16	0.8434963	5.4352474	2
17	5.0984435	5.5019445	4
18	5.98316	6.3933506	4
19	4.319517	5.6045513	4
20	1.9082364	7.194279	0
21	1.2848914	5.23888	2
22	2.8097053	5.12684	2
23	4.402722	7.1452665	4
24	0.9916697	5.3559995	2
25	2.7742286	4.9331794	-1
26	5.320134	6.6116986	4
27	4.411636	6.268695	4
28	6.2728906	6.1905217	4
29	3.1126509	4.8691635	2
30	2.769892	5.1005597	-1
31	5.957122	6.7726283	4
32	0.8544089	6.17666	-1
33	1.1094402	5.6259637	2
34	1.09122	5.39965	2
35	3.1224053	4.5997458	-1
36	6.873956	7.174383	4
37	3.9180827	5.0722866	-1
38	5.390449	5.155539	-1
39	3.2613518	5.556793	2
40	2.32918	6.702811	-1
41	6.511086	7.1664615	-1
42	7.1534257	6.8475485	-1
43	2.1805005	5.468768	2
44	5.0288067	7.24094	4
45	1.8450943	7.041654	0
46	5.6006126	5.766914	4
47	4.827177	7.1987133	4
48	3.7855008	5.4213486	-1
49	1.3383296	5.1607113	2
50	5.7187977	5.7893853	4
51	1.9382128	5.314457	2
52	1.8829334	7.199053	0
53	2.731062	6.023047	2
54	3.689485	6.55098	-1
55	0.743571	5.6239223	2
56	1.3370414	5.4906564	2
57	5.519207	7.692277	3
58	0.7268836	5.783682	2
59	1.3074615	5.333687	2
60	6.4940786	6.0775948	4
61	2.167383	6.7248225	-1
62	3.6334493	4.462209	-1
63	5.5525813	5.519937	4
64	2.1035395	6.8127403	0
65	5.691475	5.8176694	4
66	3.1111736	4.5966434	-1
67	6.283076	8.069413	3
68	4.768559	7.1844125	4
69	1.9376833	7.5934987	0
70	5.403465	7.574331	-1
71	2.9366865	7.011645	-1
72	4.5869493	5.3171387	4
73	2.9435995	7.0031414	-1
74	2.9133894	7.009219	-1
75	1.8889824	7.021748	0
76	4.622049	5.913282	4
77	7.0366445	6.2006416	-1
78	4.411775	6.491628	4
79	1.1851025	5.301057	2
80	4.4194684	4.244573	-1
81	5.7679005	5.7640357	4
82	1.9380097	7.2900305	0
83	5.2156906	6.108839	4
84	5.769264	5.8131843	4
85	7.2735915	6.712404	4
86	5.856605	5.008814	-1
87	6.985725	7.245562	-1
88	5.283517	6.0588784	4
89	2.9791741	5.5060225	2
90	4.544864	3.9793394	-1
91	2.9266696	7.010603	-1
92	2.0419366	7.071446	0
93	0.7376846	5.474244	2
94	7.046328	6.845485	-1
95	1.4701529	7.5644164	-1
96	3.3049464	4.5428843	-1
97	3.0415146	8.115379	1
98	6.841935	5.456455	4
99	5.243144	6.1323304	4
100	2.7683215	5.136796	-1
101	4.753534	5.2114735	-1
102	2.9370234	6.99613	-1
103	7.1289144	6.209691	-1
104	2.9120674	4.613406	-1
105	3.5511305	4.4540973	-1
106	1.8924682	8.036331	-1
107	1.0008523	5.3276467	2
108	2.05915	5.313021	2
109	0.8236528	5.6062336	2
110	1.9856037	7.29873	0
111	1.1498421	6.855437	-1
112	2.1020157	7.0810723	0
113	2.0011792	6.746544	0
114	4.320316	5.9481483	4
115	1.9016938	5.4788795	2
116	5.6347294	7.039155	4
117	2.2523692	5.261319	2
118	1.6438112	6.8838234	-1
119	3.5555623	4.476972	-1
120	6.2018967	5.8023777	4
121	4.9353924	6.6604714	4
122	2.030863	6.2715344	-1
123	6.1827536	5.8617187	4
124	3.9351413	5.998951	4
125	1.363889	6.0017147	-1
126	0.78098106	6.0625353	-1
127	4.792476	7.4941487	-1
128	3.8068933	5.9223056	4
129	4.6260004	7.458981	-1
130	2.719523	5.804851	2
131	2.905511	7.0146847	-1
132	5.231431	6.06001	4
133	2.5856984	5.5919333	2
134	4.5511894	3.9697042	-1
135	1.8542424	7.120498	0
136	2.7011385	6.088378	2
137	6.420019	7.7937827	3
138	1.8811363	8.094527	-1
139	6.6969495	7.2284837	-1
140	3.4160087	4.493473	-1
141	2.881978	7.0033717	-1
142	0.8211021	5.424673	2
143	1.5118586	6.7197647	-1
144	1.3237709	4.725287	-1
145	6.3725777	8.055034	3
146	2.7539887	4.861502	-1
147	5.6073627	5.726266	4
148	1.8889061	8.088776	-1
149	0.75277585	5.848104	2
150	4.5493264	3.9819167	-1
151	2.3282347	7.375811	0
152	2.0637608	6.6987004	-1
153	4.535596	3.9950151	-1
154	6.3709316	8.227719	3
155	5.7594724	7.6685114	3
156	1.2898571	5.3842115	2
157	4.4450817	4.1022935	-1
158	4.7075377	5.888022	4
159	3.0086336	4.6965237	-1
160	4.5448856	3.9921005	-1
161	4.536222	4.006915	-1
162	2.0604343	6.74224	-1
163	1.8418819	8.117581	-1
164	6.758354	6.6733236	4
165	4.1852727	4.7911987	-1
166	1.9034542	8.124496	-1
167	4.417572	4.236665	-1
168	4.5366173	4.000106	-1
169	1.680053	7.7183914	0
170	5.9836545	7.2811856	3
171	3.6597905	5.10171	-1
172	2.2410817	5.208139	2
173	5.974057	7.6242805	3
174	1.9706641	7.3858404	0
175	1.9054271	8.100479	-1
176	8.720655	6.5596924	-1
177	8.488621	6.40023	-1
178	5.924611	7.684708	3
179	6.8575654	6.086393	-1
180	8.468748	6.4088144	-1
181	3.092084	4.5551653	-1
182	4.500701	4.051722	-1
183	7.538211	7.2117667	-1
184	1.0894146	5.393359	2
185	0.94899344	5.6901727	2
186	3.2396383	4.5325947	-1
187	8.470836	6.402871	-1
188	8.602038	6.492428	-1
189	8.440073	6.374462	-1
190	4.5811553	6.690049	4
191	4.5619426	7.0516806	4
192	6.041521	7.6837983	3
193	8.6444025	6.493591	-1
194	5.285351	5.556184	4
195	6.10129	6.0004735	4
196	1.1961927	6.3228126	-1
197	5.8965464	6.5681095	4
198	5.5103297	5.471864	4
199	5.271945	5.441424	-1
200	0.7561521	5.741937	2
201	3.4956868	4.4798975	-1
202	0.7983899	6.0519977	-1
203	0.8317547	6.0364523	-1
204	7.1722755	8.180074	3
205	6.89527	7.4420004	3
206	5.6116586	8.078526	-1
207	0.81914115	6.0731015	-1
208	0.82645065	5.996618	2
209	3.0612683	4.714357	-1
210	2.5117276	5.2543635	2
211	4.0382843	6.1823072	4
212	2.0522802	7.1350117	0
213	2.6805115	5.267858	2
214	6.7475905	6.7693872	4
215	5.2006497	7.805717	-1
216	5.6203957	7.865322	3
217	7.0527463	8.641258	-1
218	8.627121	6.5169	-1
219	8.656421	6.5263367	-1
220	5.317821	5.8684654	4
221	2.4022932	5.913409	2
222	7.553746	6.694444	-1
223	2.7327294	7.0547595	-1
224	4.4963493	6.230661	4
225	6.547872	7.8694134	3
226	2.255812	6.4750385	-1
227	2.5730655	7.008816	-1
228	1.6783141	7.0212555	-1
229	8.435592	6.387892	-1
230	5.3448544	5.218427	-1
231	6.740892	6.672599	4
232	2.1452014	7.457251	0
233	4.4032354	6.673486	4
234	1.0382843	5.336776	2
235	4.4621954	6.6657925	4
236	1.0592622	6.115373	-1
237	2.786155	4.866125	-1
238	5.810894	6.0663915	4
239	6.024528	6.3593054	4
240	6.2395973	7.7036514	3
241	4.296504	4.8209543	-1
242	0.78573596	5.4768224	2
243	3.1045208	5.2284164	-1
244	1.8970214	7.4737144	0
245	1.9860739	7.5546746	0
246	0.8343961	5.593679	2
247	1.6742406	7.0658183	0
248	4.247628	5.491761	4
249	7.669399	8.15661	3
250	0.9067784	5.440831	2
251	1.672882	6.586872	-1
252	6.287111	7.7954273	3
253	5.7504044	7.8031673	3
254	2.0427003	7.342649	0
255	4.4588447	5.1704593	4
256	8.396197	6.372261	-1
257	0.76693445	6.061835	-1
258	6.7019587	8.320196	3
259	5.2666945	6.44517	4
260	1.5160148	6.4570208	-1
261	0.84372735	6.1355004	-1
262	8.421599	6.37487	-1
263	4.507193	5.1163316	4
264	8.669076	6.5284348	-1
265	8.677979	6.5211844	-1
266	8.691848	6.5464497	-1
267	7.018486	8.642803	-1
268	2.9641218	5.8449173	2
269	5.2221236	5.710302	4
270	3.379573	4.5224047	-1
271	4.581943	5.2090926	4
272	8.357049	6.3544607	-1
273	1.6765825	5.8490644	2
274	0.88181645	5.406469	2
275	8.654539	6.499699	-1
276	5.2938986	7.615047	-1
277	5.70409	4.990691	-1
278	4.7747617	6.129436	4
279	4.4022675	6.985419	4
280	0.9520455	5.6029572	2
281	8.628516	6.466556	-1
282	6.305075	8.52964	-1
283	0.7552715	6.011279	-1
284	6.9614806	6.7248664	-1
285	3.56101	4.4577475	-1
286	5.617245	6.444438	4
287	6.7629056	5.198557	4
288	6.679239	5.256639	4
289	4.222994	4.8503294	-1
290	2.775806	5.134555	-1
291	8.511224	6.4109874	-1
292	3.0310767	5.2507787	2
293	6.4220023	8.464576	-1
294	0.9327698	6.143082	-1
295	1.9599785	5.315764	2
296	0.9871471	5.3115897	2
297	8.613356	6.4908047	-1
298	7.0703177	8.610469	-1
299	0.999156	5.579619	2
300	0.8254158	5.618372	2
301	0.87413514	5.6944485	2
302	4.8623915	5.012848	-1
303	8.344528	6.3938165	-1
304	5.4427733	5.854645	4
305	7.0212026	6.7675977	-1
306	0.97089255	5.36088	2
307	8.316941	6.405931	-1
308	1.8150373	5.3279266	2
309	7.722805	7.8683844	3
310	2.0541651	6.9787574	0
311	2.277851	7.3119802	0
312	8.695165	6.548613	-1
313	7.260595	7.754427	3
314	8.484155	6.3883996	-1
315	5.6440125	5.462457	4
316	2.3399324	8.298492	-1
317	6.1544986	5.7655425	-1
318	1.4882379	6.0434504	-1
319	5.1160336	5.8980227	4
320	8.573183	6.4714003	-1
321	2.347912	8.304292	-1
322	8.637504	6.488723	-1
323	5.9130955	6.061913	4
324	6.925716	8.608023	-1
325	4.078024	6.624899	4
326	3.062108	8.126249	1
327	5.5067058	7.419239	-1
328	1.6496938	7.049985	0
329	4.2797112	6.1669807	4
330	6.3221083	7.8623977	3
331	2.5087173	5.34007	2
332	5.2698975	6.9047117	4
333	1.9535826	6.7561474	0
334	3.5195665	4.476821	-1
335	5.371493	7.57459	-1
336	3.0770197	5.4651465	2
337	5.628641	5.7651076	4
338	4.364676	5.9367623	4
339	6.500574	7.362741	3
340	4.228159	5.1157484	-1
341	5.1228414	6.5004916	4
342	1.6273372	6.9231133	-1
343	6.122952	8.30472	3
344	1.6562996	7.076899	0
345	6.922467	5.547277	4
346	0.741527	5.66104	2
347	1.9988818	5.5039415	2
348	6.2198753	7.922629	3
349	5.655276	6.5633683	4
350	4.2369	4.830968	-1
351	4.9856887	7.429559	-1
352	5.199033	7.9447746	-1
353	5.418203	7.3794136	4
354	5.264379	6.6553926	4
355	7.036882	8.619466	-1
356	4.040221	6.680628	4
357	7.266067	6.3748446	-1
358	1.0259883	5.3782587	2
359	3.0215046	5.2248282	2
360	8.363026	6.358799	-1
361	6.1560965	7.763701	3
362	4.3405614	6.915589	4
363	2.3050666	8.264925	-1
364	5.1665835	5.61043	4
365	5.944026	8.228847	-1
366	5.2358027	7.934952	-1
367	1.6867907	5.3153267	2
368	8.59339	8.915889	-1
369	5.620923	8.010978	-1
370	5.221997	6.5842314	4
371	4.754209	5.0318947	-1
372	6.614354	7.9888773	3
373	5.8773565	6.5966253	4
374	3.0895228	5.8212175	2
375	6.578614	8.328466	3
376	1.777928	7.9880395	-1
377	2.3891325	7.0392427	0
378	5.9749227	5.6525397	4
379	5.9287634	7.580343	3
380	4.760775	6.9283175	4
381	2.762108	6.082232	2
382	3.6943724	7.655486	-1
383	1.0773244	5.439016	2
384	5.220727	7.550492	4
385	2.4185777	5.91787	2
386	3.2250383	4.6563034	2
387	6.021406	7.7094073	3
388	2.3601856	7.115071	0
389	6.905466	8.185553	3
390	6.6798105	5.2236247	4
391	2.9104705	7.962777	1
392	6.060197	8.290632	3
393	4.178745	6.6456695	4
394	4.0327306	4.5312395	-1
395	4.396749	6.368009	4
396	4.384288	4.2950144	-1
397	3.2749355	4.5707445	-1
398	4.174264	7.039727	-1
399	2.7889917	7.8114886	-1
400	4.033266	5.775388	4
401	7.6242123	7.98297	3
402	3.7007132	4.494776	-1
403	4.2280555	4.8570237	-1
404	1.7625124	5.3680444	2
405	4.4147286	6.21438	4
406	5.3287573	6.589208	4
407	2.5223298	5.3242316	2
408	5.1297865	5.736743	4
409	6.2938857	7.468308	3
410	5.6660075	5.007755	-1
411	6.6571245	6.052726	4
412	2.8274574	5.7096934	2
413	4.833265	6.9072146	4
414	1.4576828	4.7232285	-1
415	2.5787723	5.2192063	2
416	0.95978254	5.8125744	2
417	5.8302245	7.912281	3
418	4.2776856	7.0111465	4
419	5.46402	4.9817433	-1
420	1.4417048	5.345827	2
421	5.606131	8.074113	-1
422	8.59428	8.919435	-1
423	3.7317166	7.6571183	-1
424	7.3924356	8.190607	3
425	7.772304	6.973705	-1
426	8.595041	8.917211	-1
427	8.599082	8.921635	-1
428	6.834451	5.1948957	-1
429	2.689658	5.1745124	2
430	8.589772	8.913902	-1
431	2.128123	5.782086	2
432	5.240599	5.7354093	4
433	7.050857	8.6028185	-1
434	1.5866007	5.783809	2
435	0.75635046	5.7766857	2
436	1.8220721	7.965983	-1
437	2.681933	6.010178	2
438	3.5345824	5.7776313	-1
439	8.595705	8.9175	-1
440	1.4448318	5.4491673	2
441	4.597532	5.302858	4
442	3.2596693	5.055924	-1
443	1.2820979	4.305444	-1
444	2.1250224	5.7518272	2
445	6.109059	7.448072	3
446	6.5425067	8.276638	3
447	6.1948457	8.226431	3
448	5.9195523	6.19029	4
449	8.586292	8.911276	-1
450	1.9800128	5.673669	2
451	2.4168494	5.8255796	2
452	3.3316283	7.970105	1
453	8.595203	8.918652	-1
454	5.297231	7.4378138	-1
455	4.0619016	8.179798	-1
456	3.39554	4.4913354	-1
457	3.9646811	4.9927707	-1
458	2.5696456	5.814153	2
459	6.6090107	8.2111845	3
460	6.7955866	7.0335593	4
461	1.816997	7.96414	-1
462	3.5647213	5.1488485	-1
463	6.688097	7.748124	3
464	2.3173013	7.033692	0
465	3.9617567	5.4501586	-1
466	6.8242006	6.0469513	4
467	1.655238	7.0341306	-1
468	2.6059883	5.87864	2
469	4.1919556	5.53916	4
470	2.9475594	5.8887796	2
471	6.776749	7.515346	3
472	5.0336175	6.5829525	4
473	6.5795846	7.909807	3
474	6.118364	7.893253	3
475	5.1668506	5.9789886	4
476	1.5349836	5.391682	2
477	6.5367923	7.4029155	3
478	5.1694465	5.284981	-1
479	1.1409756	5.1087832	2
480	4.7595387	7.342908	4
481	0.9843742	5.400249	2
482	3.862789	5.1088705	-1
483	5.7777967	5.351437	4
484	6.933573	7.817274	3
485	2.4204621	5.48029	2
486	4.9126945	7.5848985	-1
487	6.935363	5.6433945	-1
488	3.3619773	5.920004	-1
489	6.986627	7.3464704	-1
490	3.3976648	5.3373237	-1
491	6.912179	8.02312	3
492	5.6321607	6.003536	4
493	1.6589632	7.030107	-1
494	5.2379227	7.6089144	-1
495	6.064266	8.30114	3
496	5.7635484	5.4107695	4
497	2.1947618	5.382125	2
498	6.3620024	8.106426	3
499	5.3996663	6.9016776	4
500	4.437686	6.6578655	4
501	7.3826356	8.275062	3
502	5.2992463	6.9207816	4
503	7.2051754	8.075481	3
504	4.2997274	5.3956437	-1
505	5.549184	5.132484	4
506	6.0599046	5.242303	-1
507	0.81386656	5.529932	2
508	6.273775	8.113052	3
509	5.960456	7.2348747	-1
510	4.9321995	7.5609756	-1
511	6.254328	7.9095426	3
512	5.9942565	7.5067825	3
513	4.030233	7.478896	-1
514	2.8791928	4.8707585	-1
515	3.4668212	6.30345	-1
516	1.8000174	6.8495283	0
517	3.9326625	7.2630816	-1
518	8.583931	8.91174	-1
519	1.2550998	4.2797675	-1
520	0.76191914	5.605209	2
521	3.8394217	4.5006223	-1
522	7.1946325	8.202416	3
523	6.0257444	5.2268324	-1
524	5.919651	8.116812	3
525	7.3665953	8.243908	3
526	5.3012233	5.7297997	4
527	6.1900663	7.2719626	3
528	3.3868177	4.476162	-1
529	5.420835	8.093175	-1
530	3.3383656	5.112556	-1
531	2.0516942	6.412527	-1
532	0.92670393	5.4436297	2
533	3.7227366	6.2075825	-1
534	5.1554112	7.834256	-1
535	2.145438	7.2725525	0
536	7.5700116	6.4944673	-1
537	6.814808	5.405596	4
538	5.8186555	6.2927485	4
539	5.1725492	6.7042265	4
540	5.530379	5.053408	-1
541	6.8462276	5.450879	4
542	3.965564	5.5856194	4
543	6.864948	5.4376874	4
544	4.1468053	6.2761436	4
545	6.571342	6.582328	4
546	4.0482635	6.2171493	4
547	5.972925	7.0170884	-1
548	1.2164538	5.428306	2
549	1.4735035	4.6860614	-1
550	4.6871634	6.980927	4
551	2.1086874	7.153009	0
552	4.4128466	6.964924	4
553	3.7525582	4.7147217	-1
554	6.278157	7.9316654	3
555	1.4771727	5.4103312	2
556	7.388133	8.340054	3
557	4.1456404	6.6360106	4
558	7.20042	8.132105	3
559	3.4549403	8.600476	1
560	1.289616	4.3266416	-1
561	6.5230317	8.281908	3
562	7.283784	8.368456	3
563	6.1950493	7.734234	3
564	5.903525	5.4882116	4
565	6.882814	8.227871	3
566	6.819738	5.376483	4
567	1.4717364	7.5252542	-1
568	7.6230145	7.679507	3
569	3.1434438	8.503158	1
570	6.9154005	5.560129	4
571	0.926007	5.550079	2
572	6.4297485	8.154815	3
573	1.4115912	5.4809246	2
574	7.6865516	6.6425533	-1
575	2.4604719	5.6249957	2
576	4.451357	5.675797	4
577	3.3009603	8.565522	1
578	2.116267	7.7959123	0
579	5.4378285	5.2569585	4
580	6.01569	7.190933	-1
581	0.8288478	6.1745253	-1
582	4.306123	6.414273	4
583	0.8248467	5.5103297	2
584	2.5878446	7.3937917	-1
585	5.7693357	8.002593	3
586	6.043424	5.188893	-1
587	6.6159315	8.076514	3
588	2.483042	5.4193425	2
589	3.4340267	5.0249233	-1
590	6.8180265	6.1180468	4
591	6.8505287	5.8611703	-1
592	1.3321769	5.417998	2
593	1.8894017	8.078444	-1
594	1.8941061	8.080071	-1
595	7.579094	6.5545883	-1
596	4.8419795	6.650594	4
597	7.4307613	8.317131	3
598	3.979364	5.231661	-1
599	2.489226	7.076819	0
600	3.649265	7.7184343	-1
601	6.712634	8.171819	3
602	3.9600604	6.5550084	-1
603	2.8820376	5.9733605	2
604	5.611381	7.1415224	4
605	6.3724637	5.3555493	-1
606	5.405603	8.118882	-1
607	7.5736594	6.86106	-1
608	5.8322673	5.133807	-1
609	6.753696	6.1119623	4
610	5.7570057	5.0379505	-1
611	2.0721679	5.6058354	2
612	4.748366	7.3322134	4
613	4.954146	7.0095377	4
614	3.9708438	7.2395225	-1
615	4.661849	7.3788743	-1
616	7.2889075	7.698526	3
617	1.8017441	6.9742765	0
618	5.7439823	5.102106	-1
619	5.3915415	5.0839376	-1
620	2.1693141	5.7239513	2
621	4.4213576	5.7950425	4
622	4.6847444	6.0549736	4
623	2.4680898	6.1995206	-1
624	4.7851295	5.988332	4
625	3.9076145	7.266532	-1
626	4.8932557	6.210998	4
627	2.0495045	7.309748	0
628	8.686784	6.547159	-1
629	1.6035665	6.1962633	-1
630	2.267909	7.2501855	0
631	1.1957828	5.651391	2
632	3.9168537	5.179169	-1
633	7.1689186	8.24517	3
634	3.686357	7.655298	-1
635	1.2764508	5.3392363	2
636	3.7312891	6.0802855	4
637	6.619821	8.069849	3
638	1.3529668	5.4155583	2
639	6.159842	7.85892	3
640	5.113005	6.0129285	4
641	6.0510173	8.034929	3
642	7.7113767	8.141222	3
643	1.2782384	4.2876863	-1
644	3.484038	4.481081	-1
645	5.563542	6.385446	4
646	6.2211967	7.206153	-1
647	6.604936	8.252633	3
648	6.453961	6.303255	4
649	0.86393493	5.6010175	2
650	6.5587907	8.153627	3
651	1.2932258	4.366467	-1
652	6.563236	7.09274	-1
653	5.025563	7.527681	-1
654	2.498148	5.311183	2
655	5.1759233	6.718068	4
656	6.5078306	6.3433614	4
657	7.5292435	6.543658	-1
658	2.021848	7.787336	-1
659	4.009592	5.1798043	-1
660	2.114379	5.694319	2
661	5.361167	8.074054	-1
662	2.4373703	5.693737	2
663	3.545203	8.8919325	-1
664	1.4829528	5.5333242	2
665	2.566277	6.1822805	-1
666	5.621472	7.8995833	-1
667	7.462175	6.378784	-1
668	6.1059394	7.2305365	3
669	3.1417112	4.6044216	-1
670	6.606845	6.241933	4
671	6.4298687	6.2832265	4
672	5.7643065	5.022963	-1
673	1.2764324	4.316411	-1
674	4.7056913	6.878853	4
675	2.533157	5.9519596	2
676	5.764374	7.6981387	3
677	1.4394256	5.461133	2
678	4.3178363	6.437344	4
679	3.2884638	6.116579	-1
680	4.2144403	6.0377064	4
681	6.6810217	8.120098	3
682	1.4937831	7.537031	-1
683	5.0577035	6.63019	4
684	3.537005	8.85028	1
685	2.4854422	6.166083	-1
686	1.36664	5.3138456	2
687	2.4216545	5.5889297	2
688	7.469109	6.4415975	-1
689	4.285304	6.9661202	4
690	1.4256321	6.5646067	-1
691	6.811231	8.298463	3
692	3.590095	8.884366	-1
693	7.3585787	8.004214	3
694	5.0502734	7.3650064	-1
695	5.062589	7.345516	-1
696	3.3642285	6.066577	-1
697	5.8791604	7.9867544	3
698	1.8116965	6.812857	0
699	3.757055	5.53854	-1
700	5.23936	5.2919054	-1
701	5.696595	5.048606	-1
702	7.6060348	8.2221985	3
703	7.8491096	6.7566524	-1
704	4.3118725	6.832391	4
705	3.2019484	8.507189	1
706	7.1724954	7.2738132	-1
707	6.861379	8.196939	3
708	6.999945	6.8860035	-1
709	2.8984606	5.0087976	-1
710	1.7654215	5.445689	2
711	4.1321826	7.065769	-1
712	1.4944239	7.5169215	-1
713	6.6996193	7.669248	3
714	6.830516	8.26933	3
715	4.840046	5.689742	4
716	6.5861025	8.349238	3
717	0.9124368	5.42327	2
718	0.9056393	6.01102	2
719	4.002997	6.5408134	4
720	7.4116836	6.4306235	-1
721	3.9374664	5.481845	4
722	5.2298245	7.4821687	-1
723	0.9177602	6.276451	-1
724	2.6384623	5.173093	2
725	3.4398692	8.802333	1
726	7.61257	6.5817537	-1
727	4.3849373	4.3784	-1
728	2.9784687	5.4525557	2
729	3.2529256	5.0086913	-1
730	3.368627	7.95199	1
731	2.5569613	7.484548	-1
732	6.1616006	7.748315	3
733	3.4254236	4.66875	2
734	2.8311605	7.566427	-1
735	5.046078	6.2252126	4
736	6.369369	8.220567	3
737	7.6000156	8.141763	3
738	6.0310693	7.9125237	3
739	6.3070703	7.584823	3
740	1.8962315	8.044456	-1
741	6.4209847	8.177941	3
742	8.611555	6.512429	-1
743	6.168092	7.129464	-1
744	1.3185894	5.4137297	2
745	8.606494	6.5082197	-1
746	1.2775589	4.302882	-1
747	3.461824	7.8196225	-1
748	5.974496	5.950157	4
749	6.0639105	6.439826	4
750	6.7824745	7.140616	4
751	4.5679207	5.3055863	4
752	6.164399	8.017718	3
753	3.3512726	4.559981	-1
754	7.0090766	7.7272444	3
755	5.0025425	8.557581	-1
756	1.2834224	4.3180075	-1
757	1.5246518	5.7540517	2
758	7.401538	7.77646	3
759	1.6346626	5.578091	2
760	4.5566483	6.9635215	4
761	6.317786	7.812031	3
762	2.4725075	7.500835	-1
763	4.5412517	6.9968767	4
764	4.9579344	8.550276	-1
765	1.7801522	7.9029603	-1
766	3.6098163	6.580674	-1
767	3.8370273	5.902067	4
768	1.9574703	6.8558874	0
769	5.397997	7.109564	4
770	6.406457	6.346325	4
771	7.377408	8.291913	3
772	6.452392	6.944943	-1
773	6.1097736	7.9668922	3
774	4.8470664	6.4264736	4
775	6.467024	7.2642727	3
776	5.836154	6.590012	4
777	6.387139	8.142253	3
778	6.5183625	8.3099375	3
779	1.8940113	5.4017935	2
780	3.1975667	4.6284184	-1
781	4.9697933	8.540094	-1
782	7.523038	6.789256	4
783	5.4077306	5.991376	4
784	7.5747414	8.187849	3
785	7.5858593	6.5451336	-1
786	7.578038	8.11248	3
787	6.2644253	7.5518665	3
788	1.3675094	6.4387774	-1
789	4.310863	5.5280285	4
790	6.977304	7.4316344	3
791	3.3604977	4.940371	2
792	7.3935566	6.414579	-1
793	4.836629	6.9322414	4
794	5.8221827	5.410384	4
795	2.0889778	7.085028	0
796	1.1353558	5.9889216	2
797	4.0116186	6.5687966	-1
798	3.1747258	8.155075	1
799	1.2875366	4.3101115	-1
800	7.4341087	8.030929	3
801	6.981495	8.313788	3
802	6.5563893	8.294896	3
803	1.8681713	8.0543785	-1
804	7.118336	7.7251916	3
805	3.365964	5.7121286	-1
806	5.2158356	6.117614	4
807	5.995767	7.8654127	3
808	3.9011645	6.6546755	-1
809	3.5698285	8.578371	1
810	3.069413	8.339637	1
811	4.0350223	6.0563874	4
812	6.2990613	7.4888144	3
813	5.0133867	8.538542	-1
814	1.2812978	4.306146	-1
815	6.2009425	6.458699	4
816	5.5262265	5.5542073	4
817	4.685794	5.043327	-1
818	4.8414717	5.5811725	4
819	4.176227	5.8733263	4
820	4.4248247	6.5955935	4
821	6.4354143	6.7406836	-1
822	6.5967607	6.23867	4
823	1.850564	8.032323	-1
824	4.2678785	6.9566383	4
825	2.5903313	5.925003	2
826	3.4674551	4.547974	-1
827	6.5247974	5.5381503	4
828	6.7766876	6.178959	4
829	2.918919	5.758462	2
830	2.8164725	5.3672075	2
831	5.936419	7.290113	3
832	1.2918257	4.3214736	-1
833	6.721739	7.786022	3
834	3.653456	8.541445	1
835	5.18578	8.080442	-1
836	1.3839399	5.374469	2
837	3.7303016	6.0178213	4
838	1.1839061	5.9646764	2
839	3.2859964	7.914282	1
840	3.224891	8.54417	1
841	2.5930536	7.550954	-1
842	6.0525684	6.3777328	4
843	2.6603348	6.035302	2
844	5.7374845	5.636732	4
845	2.4847088	5.8337502	2
846	2.9647422	5.9226704	2
847	2.4486902	5.357337	2
848	1.0814723	6.0143337	2
849	0.8865492	6.2325654	-1
850	3.9647799	6.131183	4
851	4.5121675	6.4781413	4
852	2.7476695	5.801565	2
853	7.5913563	7.689046	3
854	2.0416808	8.132602	-1
855	2.4449835	7.2657313	0
856	7.380784	7.967946	3
857	4.2146487	6.744118	4
858	5.2961535	5.805558	4
859	3.9201472	6.498986	-1
860	4.100737	6.616669	4
861	5.3661942	6.734865	4
862	1.2550669	5.33759	2
863	1.7091776	5.6226354	2
864	4.5556674	6.470065	4
865	2.6199677	5.4885554	2
866	7.4354405	6.39714	-1
867	6.8325605	5.2178316	-1
868	4.98939	7.303696	4
869	4.19068	6.682395	4
870	3.8959322	6.0100307	4
871	5.943685	7.777176	3
872	3.4173346	4.587808	-1
873	0.910559	5.4528475	2
874	4.9018197	6.479001	4
875	4.6546125	6.7333508	4
876	7.041785	6.7511306	-1
877	4.735274	6.2856617	4
878	2.8468633	7.686259	-1
879	3.3666346	6.0956907	-1
880	5.9070625	8.085082	3
881	5.7532945	6.3006206	4
882	4.0671816	6.7483873	4
883	5.7715545	5.0642	-1
884	1.0065714	5.3371754	2
885	7.12163	6.3116884	-1
886	5.8007536	5.0545206	-1
887	6.8640547	8.050151	3
888	7.2974796	8.086849	3
889	5.743236	7.0037646	4
890	0.92353356	6.315485	-1
891	5.7997518	5.073509	-1
892	7.4010887	7.596523	3
893	7.433391	8.1445	3
894	3.2341375	7.957686	1
895	4.829072	6.875344	4
896	1.5190425	5.583967	2
897	7.1100388	7.384497	3
898	2.7327642	7.621773	-1
899	6.1467505	7.728719	3
900	5.976983	6.0408263	4
901	5.327866	6.8304553	4
902	1.4721473	5.5930433	2
903	6.9099607	8.177701	3
904	6.793279	6.5650887	4
905	6.0039372	7.4763236	3
906	4.450909	7.0249925	4
907	1.7130758	7.088628	0
908	7.2149115	8.244544	3
909	7.615422	8.119334	3
910	3.422321	4.5135508	-1
911	4.8179507	5.397967	4
912	5.124433	6.146742	4
913	3.5777986	5.7545357	-1
914	6.131248	6.4098988	4
915	7.713513	6.6119123	-1
916	7.635082	8.086803	3
917	5.9935737	7.7501993	3
918	7.6485014	8.102554	3
919	6.584359	8.09563	3
920	7.7684546	7.009652	-1
921	4.4046116	6.348691	4
922	3.2330768	8.576145	1
923	6.1878076	8.124347	3
924	7.7140737	6.6724644	-1
925	3.2426662	8.523938	1
926	1.9290498	8.066549	-1
927	1.2889028	4.312724	-1
928	5.34303	7.9605865	-1
929	5.621133	5.099349	-1
930	2.7191014	5.4998837	2
931	6.8169723	5.239314	4
932	4.319014	5.7799773	4
933	4.049382	6.29652	4
934	6.537565	6.344324	4
935	7.013663	6.789376	-1
936	4.71668	5.9934144	4
937	6.8250165	5.2296104	-1
938	7.803964	6.9386	-1
939	6.128448	5.793189	4
940	4.6487155	7.111913	4
941	1.9417382	8.118026	-1
942	7.370537	8.19006	3
943	6.3672843	6.4003963	4
944	5.217164	5.2809873	-1
945	6.3079343	6.3972006	4
946	6.9869556	7.904369	3
947	7.0025077	6.7670603	-1
948	4.6977105	6.9874344	4
949	6.921235	7.7482963	3
950	4.1444516	5.8117375	4
951	6.3134627	8.040001	3
952	2.8302584	4.883653	-1
953	5.083614	5.920402	4
954	5.8059287	5.9707427	4
955	4.817958	5.7201543	4
956	3.78625	8.480787	-1
957	5.3492746	7.9587855	-1
958	6.8085666	6.133487	4
959	4.50367	6.52743	4
960	2.596134	8.2415695	-1
961	2.9936106	8.67715	1
962	6.2357244	7.9896436	3
963	4.0673046	6.2315717	4
964	6.2244244	5.8335934	-1
965	6.6229644	7.921266	3
966	3.2808595	8.496824	1
967	4.163313	5.3524513	-1
968	5.4330254	6.682376	4
969	6.764135	8.051093	3
970	6.493126	7.2971125	3
971	5.9269786	8.132422	3
972	3.432875	5.1258926	-1
973	1.6830915	5.375728	2
974	5.3706536	6.3718452	4
975	7.0086102	7.7805133	3
976	4.1325636	5.3062963	-1
977	5.126321	6.7839637	4
978	3.285989	7.8941593	1
979	6.846637	8.21263	3
980	6.142578	5.809287	4
981	5.8955274	7.8219423	3
982	7.007189	7.780062	3
983	7.462315	6.4718285	-1
984	3.3037145	4.67906	2
985	6.5925674	5.279992	4
986	6.6143165	8.250773	3
987	3.5254705	5.798725	-1
988	1.8727375	5.532231	2
989	4.8486176	6.156308	4
990	1.8166294	7.9459386	-1
991	6.3409796	6.407613	4
992	4.9011703	7.308403	4
993	3.1835852	8.260898	1
994	6.1245494	8.042092	3
995	5.3942175	7.679044	-1
996	7.7229886	6.9883957	-1
997	7.0559044	7.781916	3
998	6.600264	6.3006706	4
999	1.8986561	6.4829893	-1
1000	4.6076393	7.117717	4
1001	4.778073	5.1191525	-1
1002	6.879506	6.1577954	4
1003	1.4732871	7.503103	-1
1004	6.63108	7.632286	3
1005	4.9187193	7.598544	-1
1006	6.826339	5.2517667	4
1007	3.1910522	5.1205835	-1
1008	5.572197	5.1906323	4
1009	3.1906924	7.989878	1
1010	7.3821363	8.028017	3
1011	1.2467979	5.677441	2
1012	5.5745726	7.047832	4
1013	4.522949	6.9715095	4
1014	6.678355	8.166621	3
1015	7.5667777	8.065626	3
1016	0.93382275	6.192657	-1
1017	5.9309874	5.979602	4
1018	5.8229337	5.098732	-1
1019	3.5026186	4.587669	-1
1020	7.188798	8.0575905	3
1021	3.4243412	4.485671	-1
1022	6.4900775	7.873589	3
1023	7.29591	8.209027	3
1024	7.745661	8.00985	3
1025	5.097561	7.302569	4
1026	5.420907	7.714036	-1
1027	1.8378501	6.191794	-1
1028	4.7223005	6.337562	4
1029	6.8499985	5.292001	4
1030	6.7627764	7.5545993	3
1031	6.8382998	6.476711	4
1032	2.765629	6.1393375	-1
1033	2.6328542	5.99551	2
1034	3.2387185	8.554222	1
1035	7.357008	7.979876	3
1036	7.0288477	6.807048	-1
1037	6.640139	6.055057	4
1038	2.6785402	6.009824	2
1039	6.1519303	5.8136644	4
1040	2.854691	5.998541	2
1041	5.0259695	7.174848	4
1042	2.586478	5.3131013	2
1043	7.3436117	7.762144	3
1044	5.5876966	5.8120456	4
1045	5.682157	7.900846	3
1046	4.1090627	6.077399	4
1047	3.311527	8.743621	1
1048	7.136234	7.41711	3
1049	5.5365496	5.527933	4
1050	5.855132	7.788258	3
1051	6.215572	8.126418	3
1052	3.5913992	8.462682	1
1053	3.9536066	6.7551417	-1
1054	2.5839217	6.1424494	2
1055	6.7086153	8.133939	3
1056	3.4417152	8.034819	1
1057	5.499656	5.557782	4
1058	4.4318414	6.2248974	4
1059	6.339701	7.6460934	3
1060	4.874991	7.3320084	4
1061	6.2732215	6.4447107	4
1062	7.0185127	8.046451	3
1063	6.579938	8.006318	3
1064	6.5377274	8.077594	3
1065	1.7039874	7.8063602	0
1066	5.385995	7.1812086	4
1067	6.0966744	7.1577454	3
1068	5.400829	7.340486	4
1069	5.7814646	5.0741553	-1
1070	3.5814054	8.813501	-1
1071	3.3646147	8.350757	1
1072	6.4255137	7.357886	3
1073	6.6704965	6.2719555	4
1074	1.3447783	5.439495	2
1075	1.3250048	4.9600263	-1
1076	4.2013354	5.403302	4
1077	6.2101164	7.935009	3
1078	3.3251956	8.739863	1
1079	5.713818	5.085638	-1
1080	4.226696	5.3771963	-1
1081	5.2979794	5.931987	4
1082	3.2517812	5.301563	-1
1083	3.671168	8.542377	1
1084	6.2817097	5.468313	-1
1085	7.2708893	8.18788	3
1086	6.964132	8.300213	3
1087	5.0573354	7.1668696	4
1088	3.1423733	8.088721	1
1089	3.4213405	5.9224477	2
1090	2.226603	5.590664	2
1091	6.9931793	7.901239	3
1092	4.3993783	6.042181	4
1093	3.3080375	8.350437	1
1094	6.819777	5.4538283	4
1095	6.8598204	7.2772665	-1
1096	6.6952405	8.092466	3
1097	3.447634	8.226141	1
1098	6.228836	7.8088326	3
1099	1.8298815	7.929666	-1
1100	6.678393	7.2930355	3
1101	3.2258313	8.537347	1
1102	1.9971535	7.9390225	-1
1103	1.6157517	6.49129	-1
1104	2.1236448	7.087787	0
1105	7.4210873	7.43332	-1
1106	5.472992	7.8037868	-1
1107	4.7380257	7.0075274	4
1108	3.5292013	8.836511	1
1109	6.1250224	7.14709	-1
1110	3.3104365	8.746539	1
1111	4.8411703	6.7630205	4
1112	6.5128613	5.54046	4
1113	4.517272	6.8307233	4
1114	6.9577036	7.857325	3
1115	3.682218	8.507367	1
1116	7.059664	8.291287	3
1117	2.973346	8.120705	1
1118	5.099348	5.343148	4
1119	6.555517	6.3027544	4
1120	2.7602262	5.854428	2
1121	7.618798	8.045239	3
1122	4.9148088	5.6207395	4
1123	6.1024384	7.4421787	3
1124	5.079418	7.51967	-1
1125	1.433809	5.477759	2
1126	6.6981783	7.7252812	3
1127	7.3241696	7.1176767	-1
1128	4.092752	5.9522305	4
1129	6.4187183	6.165721	4
1130	5.774796	7.2018766	3
1131	4.7374063	5.9862633	4
1132	3.6350121	8.516732	1
1133	3.535368	8.856155	1
1134	3.9828508	5.8476644	4
1135	6.485101	6.2768264	4
1136	5.0831633	6.4354396	4
1137	5.1537986	7.8451443	-1
1138	2.6004052	5.9921436	2
1139	3.6534173	5.186004	-1
1140	6.7668543	7.957977	3
1141	2.8193958	6.4860344	-1
1142	1.3551198	4.80749	-1
1143	3.362808	5.140311	-1
1144	2.695892	5.5835876	2
1145	4.7835507	5.5043807	4
1146	6.3538465	7.974464	3
1147	6.477396	6.275178	4
1148	1.545291	7.461439	-1
1149	4.984426	6.6074877	4
1150	1.5036284	7.4560113	-1
1151	2.8667548	7.702315	0
1152	4.350728	5.4344015	4
1153	5.011278	6.2878003	4
1154	6.7135253	6.9262986	-1
1155	6.3509398	6.4170628	4
1156	7.0081925	6.7969346	-1
1157	7.009615	6.5427175	4
1158	6.0899053	6.443147	4
1159	2.467949	7.412696	-1
1160	3.4235847	5.739716	-1
1161	2.8804672	5.5498843	2
1162	5.690487	6.3561563	4
1163	6.342663	6.6906233	4
1164	1.5046643	7.496737	-1
1165	1.4871422	7.499589	-1
1166	6.86485	5.5611715	4
1167	7.7323027	7.3449917	-1
1168	3.5936317	5.8161826	-1
1169	4.8024917	5.6781273	4
1170	5.7974343	5.7162347	4
1171	4.8832936	5.6863723	4
1172	6.5994477	6.211449	4
1173	7.310747	8.336774	3
1174	1.8824373	6.143663	-1
1175	6.4163566	6.7377176	-1
1176	3.8670557	6.568504	-1
1177	6.523285	6.306591	4
1178	6.80389	5.2817154	4
1179	1.5699977	5.38725	2
1180	4.5960727	6.937109	4
1181	7.3704886	7.25039	-1
1182	6.2964034	8.038126	3
1183	5.106935	6.561102	4
1184	3.936393	8.451051	-1
1185	7.1986613	8.207083	3
1186	6.8162346	8.1168375	3
1187	5.521417	5.446646	4
1188	7.6577888	8.056857	3
1189	1.4651943	7.4652443	-1
1190	5.1601157	6.0529366	4
1191	4.9242268	7.1549544	4
1192	5.856284	7.9432354	3
1193	6.9772005	7.607375	3
1194	4.8721485	5.535991	4
1195	6.940517	8.009016	3
1196	7.140104	6.34357	-1
1197	7.361713	7.8673334	3
1198	6.781078	5.263651	4
1199	4.675633	5.6882253	4
1200	1.4727523	7.517988	-1
1201	6.429637	7.157938	-1
1202	4.635334	6.561631	4
1203	7.3601503	7.8760076	3
1204	5.032599	7.0865183	4
1205	3.371762	7.663428	-1
1206	6.5924077	6.2404165	4
1207	0.9779689	5.470187	2
1208	3.2583818	8.752713	1
1209	5.0636296	6.5145035	4
1210	2.46999	7.4039145	0
1211	2.3721757	5.5313253	2
1212	1.0538833	5.5048566	2
1213	3.3106313	8.724067	1
1214	6.493652	7.8209586	3
1215	3.1904626	7.697972	-1
1216	2.6921036	7.3139553	0
1217	7.500833	7.8507624	3
1218	6.9637265	7.8298535	3
1219	5.9418807	5.7898054	4
1220	4.8095202	5.4258146	4
1221	4.2780437	6.848437	4
1222	3.3053913	8.705807	1
1223	4.996134	5.656785	4
1224	3.3623173	5.0720434	-1
1225	6.363725	6.2791953	4
1226	7.027231	7.850186	3
1227	2.398243	7.3382382	0
1228	6.4951086	7.8861227	3
1229	4.658458	6.2572627	4
1230	4.8464646	6.5842853	4
1231	7.2629414	7.7534685	3
1232	4.7056017	5.0338974	-1
1233	7.392733	8.1062765	3
1234	6.067748	7.8827505	3
1235	7.0843277	6.3299866	-1
1236	6.0351253	8.039793	3
1237	2.4957793	5.6143765	2
1238	7.1132836	7.7096963	3
1239	4.085562	6.4265175	4
1240	3.257647	7.8806973	1
1241	5.794918	7.241525	3
1242	6.1502547	7.888427	3
1243	6.34946	7.5594068	3
1244	1.8534822	6.845229	0
1245	6.449704	6.2736053	4
1246	6.152084	7.751946	3
1247	5.8332877	7.4234724	3
1248	3.051463	5.3506613	-1
1249	4.4550557	6.9751506	4
1250	4.8955803	6.5330877	4
1251	4.9024053	5.941711	4
1252	7.2599072	7.892928	3
1253	3.218545	8.654875	1
1254	7.45004	7.8120008	3
1255	4.686488	5.412518	4
1256	7.3849325	6.4414616	-1
1257	6.381155	7.354231	3
1258	3.7554874	5.6997814	-1
1259	3.1526873	5.62665	2
1260	3.454787	7.9881783	1
1261	2.7410817	7.684509	-1
1262	2.3641574	7.312257	0
1263	4.6688395	5.761621	4
1264	3.6406195	8.4381	1
1265	6.688556	5.217322	4
1266	3.866419	6.420077	4
1267	7.131741	6.3015046	-1
1268	4.0707617	8.499982	-1
1269	3.038582	8.808462	-1
1270	2.2080407	6.1727686	-1
1271	6.6802025	5.5252404	4
1272	7.296119	8.005161	3
1273	6.5251803	5.503778	4
1274	3.0434701	8.860024	-1
1275	5.9684706	6.949965	4
1276	6.5575657	8.096848	3
1277	6.7061076	7.886651	3
1278	6.728202	8.1098795	3
1279	3.0638952	8.827456	1
1280	4.7479353	6.3125467	4
1281	2.3486822	7.2623343	0
1282	1.0139395	5.9745955	2
1283	5.6696606	7.1544695	4
1284	5.937803	6.625605	4
1285	3.392085	8.32729	1
1286	4.8576417	5.344948	4
1287	3.0517437	8.866931	-1
1288	6.4044924	7.733531	3
1289	2.1174932	5.617236	2
1290	3.5344608	8.376957	1
1291	1.9209257	8.060439	-1
1292	6.4407587	8.185879	3
1293	2.3677514	7.2490726	0
1294	1.8021972	7.9353657	-1
1295	5.364931	6.5555396	4
1296	6.4631886	6.2953014	4
1297	4.0330496	8.468664	-1
1298	4.7206063	6.997975	4
1299	6.460114	6.302079	4
1300	3.0666842	8.777642	1
1301	6.921323	7.990198	3
1302	7.3444614	8.154263	3
1303	4.69762	6.9798784	4
1304	4.648224	5.712866	4
1305	6.848894	6.2135463	4
1306	4.798737	6.36119	4
1307	2.4762044	8.09431	-1
1308	6.2875214	7.7789307	3
1309	7.359218	8.11094	3
1310	3.7611341	6.019949	4
1311	5.668418	6.6001678	4
1312	6.418414	6.3986344	4
1313	1.2631088	5.6490045	2
1314	3.0379872	8.770774	-1
1315	7.413401	6.475855	-1
1316	1.0761061	6.2334967	-1
1317	3.6023898	8.515185	1
1318	5.600318	6.751228	4
1319	1.5566303	5.6494274	2
1320	3.2858331	8.719202	1
1321	4.992541	6.5664115	4
1322	6.0985065	5.69695	4
1323	4.876801	6.2020426	4
1324	5.701396	5.6075535	4
1325	4.707563	6.7164216	4
1326	6.2196016	6.6274834	4
1327	2.7649856	8.108522	-1
1328	3.0409498	8.706085	1
1329	1.3293993	4.8511057	-1
1330	4.241709	5.400421	4
1331	7.5300136	6.5379357	-1
1332	6.0517864	5.6348276	4
1333	7.5367084	8.053861	3
1334	2.1652834	5.5550356	2
1335	4.9630485	5.7499905	4
1336	6.6698165	7.5730276	3
1337	3.5705104	7.5855136	-1
1338	3.0365467	8.719124	1
1339	3.0346682	7.773872	1
1340	2.649646	7.5057917	-1
1341	5.2831755	5.695745	4
1342	6.680885	7.6314697	3
1343	4.0505633	8.263253	-1
1344	6.1470857	5.4784365	-1
1345	4.3018036	6.607114	4
1346	5.850144	6.7734523	4
1347	1.6201605	6.2184687	-1
1348	3.8755858	8.464786	-1
1349	4.286123	6.561077	4
1350	3.9236255	8.408443	-1
1351	3.039696	8.310841	1
1352	1.6966358	5.2857237	2
1353	7.4314523	7.9062524	3
1354	5.843095	7.619993	3
1355	5.9743266	6.326737	4
1356	6.273697	6.535848	4
1357	7.0685277	8.136619	3
1358	7.119748	6.3141384	-1
1359	2.9411814	5.2874823	2
1360	7.555122	6.546988	-1
1361	6.7137876	7.1558366	-1
1362	3.1564062	5.8359566	2
1363	6.005998	6.6593056	4
1364	3.7630765	5.857385	4
1365	7.350105	8.000698	3
1366	7.0606866	7.9610825	3
1367	5.2958097	6.7766414	4
1368	4.6257873	5.379268	4
1369	5.9737525	6.2896485	4
1370	5.60391	6.918546	4
1371	2.9956286	8.066296	1
1372	6.8445625	7.403797	3
1373	5.6624055	6.9042544	4
1374	2.489488	7.410619	0
1375	3.0511215	8.699691	1
1376	2.3021727	5.80209	2
1377	5.7055235	6.8330355	4
1378	7.283562	7.7026935	3
1379	6.5986104	6.4057946	4
1380	6.9194155	6.544027	4
1381	4.0781116	6.699649	4
1382	7.192646	7.2663536	-1
1383	4.49544	6.386422	4
1384	1.2997609	6.1184373	-1
1385	6.27349	6.1251597	4
1386	4.4126616	6.2051907	4
1387	5.565492	4.9864235	-1
1388	4.9174614	6.4531903	4
1389	7.4797196	7.1865025	-1
1390	2.458665	5.7382197	2
1391	5.7842965	5.1162667	-1
1392	2.4801786	5.9211755	2
1393	3.1469753	5.9306264	2
1394	3.834071	8.496281	-1
1395	3.6865735	5.5158215	-1
1396	3.03992	8.690896	1
1397	6.8431816	8.208025	3
1398	3.0135221	7.746129	-1
1399	4.729922	5.133208	-1
1400	4.1599684	6.5931325	4
1401	7.5833497	8.15046	3
1402	7.01592	6.8044777	-1
1403	3.3786223	7.4020443	-1
1404	1.9163933	5.6949897	2
1405	6.4203315	6.379144	4
1406	3.0687091	8.772746	1
1407	5.0511427	5.695155	4
1408	7.495403	7.1612163	-1
1409	1.972659	6.9622445	0
1410	6.765212	6.835073	-1
1411	4.0406275	8.503902	-1
1412	5.2137794	6.331514	4
1413	4.565732	6.9346337	4
1414	4.0927763	6.2380524	4
1415	6.5375347	6.8109446	-1
1416	5.2481337	6.2392073	4
1417	4.8450594	5.0082507	-1
1418	0.9792136	5.4803042	2
1419	4.387237	6.881337	4
1420	1.2914915	5.506222	2
1421	5.7864556	5.9204545	4
1422	3.6283138	8.210253	1
1423	5.6452584	7.5945024	3
1424	4.2224913	5.6798925	4
1425	4.7924557	6.2644434	4
1426	7.6511774	7.9187946	3
1427	6.9205513	8.143402	3
1428	2.739501	5.8666344	2
1429	7.5576754	8.07029	3
1430	4.906126	6.2780185	4
1431	2.508053	5.5464325	2
1432	5.6525326	5.1863756	4
1433	3.5665572	8.403633	1
1434	4.7500134	5.00807	-1
1435	3.9517527	6.7765727	-1
1436	2.5197184	5.314912	2
1437	5.38283	6.6267085	4
1438	2.2592976	5.5985026	2
1439	3.8560972	5.77676	4
1440	1.11506	5.523666	2
1441	6.9622188	7.892391	3
1442	2.0493371	6.425953	-1
1443	7.723321	7.94841	3
1444	5.1946115	6.00142	4
1445	5.3775177	6.95361	4
1446	5.2559633	6.2976403	4
1447	6.0063744	6.1974487	4
1448	7.093619	6.3068233	-1
1449	2.4717932	7.472755	-1
1450	5.7134695	7.311248	3
1451	1.3331102	5.640488	2
1452	3.6340065	8.414044	1
1453	5.7526383	7.208518	3
1454	3.68341	5.7506056	-1
1455	5.8297844	7.31139	3
1456	5.882388	5.553111	4
1457	3.73846	6.2286415	-1
1458	4.6304464	5.9367223	4
1459	3.5337121	8.274857	1
1460	5.988416	6.8660407	4
1461	5.569237	6.664741	4
1462	4.766923	5.8980594	4
1463	5.085518	6.967323	4
1464	7.141692	7.561998	3
1465	1.6526363	5.476033	2
1466	5.811767	7.3082914	3
1467	2.3557718	5.5333557	2
1468	4.886756	5.7071667	4
1469	5.0385175	6.4389167	4
1470	4.670965	6.064997	4
1471	3.0339894	8.637687	1
1472	5.5487156	7.3499346	4
1473	7.3749833	8.029608	3
1474	6.774461	7.9971843	3
1475	7.031348	7.7997084	3
1476	3.0386646	8.647853	1
1477	2.5091026	5.685173	2
1478	6.77151	5.5138407	4
1479	4.2354236	5.510899	4
1480	3.0249934	8.68066	1
1481	5.706851	6.6199865	4
1482	5.6405954	6.763587	4
1483	3.034482	8.680773	1
1484	7.314668	7.6519885	3
1485	6.4680305	6.2718234	4
1486	1.7340283	5.789208	2
1487	3.4737332	5.853781	-1
1488	4.663025	6.1154847	4
1489	2.7817993	8.245478	-1
1490	7.5845346	6.673456	-1
1491	0.8786474	5.553332	2
1492	6.3677373	7.573122	3
1493	6.261767	7.349984	3
1494	2.8479445	7.4737415	-1
1495	4.868005	5.050499	-1
1496	3.9002006	6.5410213	-1
1497	7.2256193	7.598989	3
1498	6.60772	6.4692636	4
1499	5.8264356	5.8341208	4
1500	2.3639567	5.766308	2
1501	5.13839	6.673658	4
1502	1.5870224	5.25382	2
1503	6.5815163	5.49187	4
1504	3.2347395	8.207913	1
1505	5.8526015	5.8718605	4
1506	7.504991	7.4648213	-1
1507	4.666625	5.431579	4
1508	6.45573	5.4655294	4
1509	4.668896	5.8197412	4
1510	7.66904	6.6379685	-1
1511	4.509511	5.8305883	4
1512	5.75576	7.273489	3
1513	6.910611	6.3866363	4
1514	4.586308	5.5995893	4
1515	5.9852943	7.8794603	3
1516	5.121201	5.7477665	4
1517	7.454098	7.6920114	3
1518	6.6617484	5.5795283	4
1519	2.7827425	5.8670087	2
1520	5.549611	7.070464	4
1521	5.7000103	5.452652	4
1522	3.00276	8.282241	1
1523	6.765884	7.8661394	3
1524	3.650492	8.185286	1
1525	5.165953	6.5653305	4
1526	6.5938325	5.2818494	4
1527	5.009419	6.5549183	4
1528	6.8053684	6.9516883	-1
1529	5.694188	5.7834854	4
1530	6.711889	7.8682904	3
1531	3.0166357	8.008045	1
1532	7.2500567	7.6893277	3
1533	7.0403304	7.1773176	-1
1534	6.5510163	7.3450747	3
1535	5.6210074	6.2201996	4
1536	6.824963	6.6293592	4
1537	3.438908	8.24244	1
1538	6.546051	7.9835258	3
1539	5.877348	5.4343543	4
1540	3.835578	8.349197	-1
1541	6.7058387	5.5231304	4
1542	2.031143	5.5710835	2
1543	7.1890664	7.6289515	3
1544	7.229688	7.566821	3
1545	5.485236	7.189583	-1
1546	4.760608	6.835256	4
1547	4.715098	6.4783792	4
1548	1.5026267	5.5296383	2
1549	3.9621086	5.9951487	4
1550	2.2964637	7.49403	0
1551	4.4274974	7.728406	-1
1552	3.0663867	5.737017	2
1553	4.7848954	4.985989	-1
1554	7.717788	8.055874	3
1555	2.9799843	8.138866	1
1556	4.0366454	5.897132	4
1557	1.6661842	5.639669	2
1558	2.9702146	7.7754164	-1
1559	3.237949	8.379723	1
1560	6.2930164	5.571164	-1
1561	5.517432	6.851535	4
1562	4.2355056	5.506084	4
1563	2.5052946	5.3175435	2
1564	5.8958898	6.483409	4
1565	6.8632154	7.888615	3
1566	3.3064833	8.401937	1
1567	7.3914123	8.268315	3
1568	2.4070172	7.295099	0
1569	1.7021435	5.585696	2
1570	7.4998984	7.18625	-1
1571	7.39709	7.585745	3
1572	2.309018	5.591089	2
1573	4.4228215	6.7581687	4
1574	7.6653843	6.7049046	-1
1575	6.86984	6.421507	4
1576	4.577881	6.202882	4
1577	4.666641	5.7756114	4
1578	4.8046074	6.4867673	4
1579	4.719599	6.913452	4
1580	6.665632	5.387933	4
1581	4.658333	7.3586	-1
1582	7.5576825	6.541504	-1
1583	2.994912	5.8165884	2
1584	6.017751	6.8192463	4
1585	2.4220915	7.5556593	-1
1586	5.7490344	6.5801444	4
1587	5.997551	5.689247	4
1588	7.693568	8.104994	3
1589	4.7265553	4.985587	-1
1590	5.650581	6.4616365	4
1591	2.8949635	7.9020653	1
1592	2.5485158	5.6277614	2
1593	5.852815	6.425492	4
1594	6.6840973	5.242727	4
1595	4.3607364	5.491246	4
1596	3.0358462	7.8379993	1
1597	6.472588	6.453872	4
1598	7.529665	6.5908847	-1
1599	3.5764189	5.662206	-1
1600	5.688234	6.5445175	4
1601	6.85899	7.8544445	3
1602	6.1346645	6.4984617	4
1603	3.8325558	5.8364115	4
1604	7.0143166	6.7949715	-1
1605	5.8416777	5.4217987	4
1606	7.065087	6.8472886	-1
1607	5.6036296	6.744899	4
1608	4.788992	4.983304	-1
1609	1.3732058	5.484359	2
1610	4.482471	6.4980564	4
1611	4.991017	6.0622144	4
1612	5.3169284	6.468174	4
1613	4.8509393	4.968915	-1
1614	2.5468874	5.9052143	2
1615	4.7555676	5.1604013	-1
1616	1.9340986	5.265092	2
1617	2.9611943	5.886512	2
1618	2.2766714	7.4573126	0
1619	4.522486	6.074737	4
1620	3.2559085	7.874515	1
1621	5.894367	5.99187	4
1622	7.7390637	6.974822	-1
1623	3.5394247	8.522215	1
1624	7.4153967	7.203873	-1
1625	7.7437963	6.9696903	-1
1626	5.0130486	6.3411455	4
1627	2.3911252	5.6690135	2
1628	6.9218397	6.46189	4
1629	1.4561495	4.892102	-1
1630	7.211149	7.0026135	-1
1631	6.8997746	7.788432	3
1632	2.2049594	5.775766	2
1633	4.677648	7.9540396	-1
1634	6.4811378	5.6834626	4
1635	6.7459216	5.3485746	4
1636	4.6127844	5.807357	4
1637	2.4051583	7.265202	0
1638	4.3743196	5.5062876	4
1639	5.5289826	7.1715207	4
1640	6.3485527	7.777746	3
1641	5.9708977	7.8834534	3
1642	4.5809402	6.424482	4
1643	3.5010026	5.845853	-1
1644	4.6948586	6.010254	4
1645	6.5901265	5.566615	4
1646	4.939622	5.8709507	4
1647	4.4821196	7.019643	4
1648	4.0269556	6.12849	4
1649	5.857772	6.6082373	4
1650	1.5409	5.268368	2
1651	5.7148867	5.7396226	4
1652	5.8837366	7.047365	4
1653	4.885122	5.02317	-1
1654	6.3606796	7.650022	3
1655	6.8065968	5.4029503	4
1656	4.51133	5.560527	4
1657	6.154807	5.919801	-1
1658	4.3375726	6.8083034	4
1659	2.1670115	5.6458707	2
1660	5.348697	7.161283	4
1661	1.0746365	6.164151	-1
1662	3.9162722	6.519336	-1
1663	6.4464755	6.002179	4
1664	4.8652024	4.991826	-1
1665	2.1569378	5.674411	2
1666	2.3924687	5.616035	2
1667	5.3946533	6.1087456	4
1668	4.0833154	5.591819	4
1669	4.194178	5.8920803	4
1670	6.805935	5.6909337	-1
1671	6.512839	5.4904647	4
1672	1.7178965	7.804785	0
1673	5.364171	7.122132	4
1674	7.4282837	7.1302586	-1
1675	6.4785004	5.3764625	4
1676	4.5196323	5.616532	4
1677	4.7938366	5.042699	-1
1678	2.7269375	5.3069134	2
1679	2.2243915	6.999376	0
1680	4.7891846	5.0016994	-1
1681	6.6014237	7.5349007	3
1682	4.974191	6.558903	4
1683	6.738931	5.3007593	4
1684	3.525712	8.357595	1
1685	2.4727259	5.676029	2
1686	4.4410205	6.097596	4
1687	5.9940276	5.446124	4
1688	3.0608659	7.9485345	1
1689	7.3278327	8.158554	3
1690	5.086375	6.243367	4
1691	4.088703	6.3752704	4
1692	6.485945	6.416225	4
1693	7.481206	8.11049	3
1694	2.92988	7.927525	1
1695	6.5119305	5.934911	4
1696	4.8335867	6.9207478	4
1697	7.0781693	6.940494	-1
1698	4.6299925	7.8993993	-1
1699	6.2197633	5.9810057	4
1700	4.344244	7.26882	-1
1701	6.429523	6.446158	4
1702	3.8223581	8.409406	-1
1703	7.0148015	7.852943	3
1704	2.61353	5.7927575	2
1705	5.388423	6.753717	4
1706	4.263863	5.361785	-1
1707	6.509368	5.4567246	4
1708	2.2141395	5.5341506	2
1709	4.2828846	5.875504	4
1710	3.1743603	5.5807486	-1
1711	4.9204574	5.6898003	4
1712	3.2590473	7.943712	1
1713	7.5132313	6.8562546	-1
1714	6.2594085	7.3088775	3
1715	3.840768	5.871787	4
1716	4.759846	6.4730973	4
1717	3.23061	5.678215	-1
1718	6.5564775	5.4845905	4
1719	2.960801	7.668829	-1
1720	2.2186868	5.608849	2
1721	6.489814	6.34192	4
1722	7.445801	7.9561186	3
1723	6.4114146	7.865516	3
1724	7.3477716	7.341736	-1
1725	6.4466105	6.276467	4
1726	6.828806	8.052871	3
1727	2.9210696	8.190852	1
1728	5.966669	5.743596	4
1729	7.4778104	8.046997	3
1730	4.201246	5.3827343	4
1731	4.550895	5.8588104	4
1732	6.7926154	7.6877456	3
1733	6.8065658	8.029169	3
1734	4.9705973	5.818304	4
1735	4.361387	5.487979	4
1736	3.7465773	5.7212486	-1
1737	5.6569376	6.979462	4
1738	6.905817	7.7563033	3
1739	4.6604095	6.9418116	4
1740	2.3388758	5.6415844	2
